{
  "frames_dir": "/no_backups/s1492/Ctrl-V/outputs/eval_stage2_rgb/frames",
  "num_videos": 10,
  "num_frames": 25,
  "resolution": "192x704",
  "fvd_resolution": "128x512",
  "fid": 68.47041705516739,
  "fvd": 595.5170690741359,
  "lpips": 0.33395297527313234,
  "ssim_mean": 0.43327511924505235,
  "ssim_std": 0.13704848633361752,
  "ssim_error": 0.6852424316680876,
  "psnr_mean": 14.511644678400684,
  "psnr_std": 3.1569149258689038,
  "psnr_error": 15.784574629344519,
  "per_video": {
    "video_000": {
      "ssim": 0.3750412118434906,
      "psnr": 14.177674841551381
    },
    "video_001": {
      "ssim": 0.5620986235141754,
      "psnr": 16.122591593095052
    },
    "video_002": {
      "ssim": 0.5224093139171601,
      "psnr": 15.6841481696924
    },
    "video_003": {
      "ssim": 0.5009605109691619,
      "psnr": 14.785098831143259
    },
    "video_004": {
      "ssim": 0.42381285071372987,
      "psnr": 15.39259932763055
    },
    "video_005": {
      "ssim": 0.3575712859630585,
      "psnr": 12.609693361804162
    },
    "video_006": {
      "ssim": 0.46057376980781556,
      "psnr": 14.626228686774557
    },
    "video_007": {
      "ssim": 0.49035963833332064,
      "psnr": 15.584387753847176
    },
    "video_008": {
      "ssim": 0.30301810264587403,
      "psnr": 11.902345364465004
    },
    "video_009": {
      "ssim": 0.3369058847427368,
      "psnr": 14.231678854003313
    }
  }
}