{
  "frames_dir": "/no_backups/s1492/Ctrl-V/outputs/eval_stage2_rgb/frames",
  "num_videos": 20,
  "num_frames": 25,
  "resolution": "192x704",
  "fvd_resolution": "128x512",
  "fid": 72.17878269415093,
  "fvd": 861.6987552942526,
  "lpips": 0.4815051585435867,
  "ssim_mean": 0.24901710269635077,
  "ssim_std": 0.15435355816371438,
  "ssim_error": 0.7717677908185718,
  "psnr_mean": 10.721346624314595,
  "psnr_std": 3.264412535479947,
  "psnr_error": 16.322062677399735,
  "per_video": {
    "video_000": {
      "ssim": 0.27083583295345304,
      "psnr": 11.331466091512084
    },
    "video_001": {
      "ssim": 0.4346943378448486,
      "psnr": 12.767583593851553
    },
    "video_002": {
      "ssim": 0.43706939458847044,
      "psnr": 12.804762854435632
    },
    "video_003": {
      "ssim": 0.3277164351940155,
      "psnr": 11.611396227665809
    },
    "video_004": {
      "ssim": 0.3046150231361389,
      "psnr": 12.11918696466247
    },
    "video_005": {
      "ssim": 0.269600136578083,
      "psnr": 11.416430583173671
    },
    "video_006": {
      "ssim": 0.20823527202010156,
      "psnr": 9.083130848734003
    },
    "video_007": {
      "ssim": 0.3928684663772583,
      "psnr": 12.326436341277997
    },
    "video_008": {
      "ssim": 0.19332667157053948,
      "psnr": 9.711221912940315
    },
    "video_009": {
      "ssim": 0.11720158740878105,
      "psnr": 8.302223815063325
    },
    "video_010": {
      "ssim": 0.10375098675489426,
      "psnr": 7.578017805402868
    },
    "video_011": {
      "ssim": 0.23334100246429443,
      "psnr": 10.666092329799726
    },
    "video_012": {
      "ssim": 0.28100656807422636,
      "psnr": 12.163665491061092
    },
    "video_013": {
      "ssim": 0.25954129815101623,
      "psnr": 11.910131142151245
    },
    "video_014": {
      "ssim": 0.17746241867542267,
      "psnr": 9.533251838566027
    },
    "video_015": {
      "ssim": 0.0684956824942492,
      "psnr": 8.568515260820702
    },
    "video_016": {
      "ssim": 0.08074027358554303,
      "psnr": 8.81244528370509
    },
    "video_017": {
      "ssim": 0.22372505247592925,
      "psnr": 9.998040551356507
    },
    "video_018": {
      "ssim": 0.3273194718360901,
      "psnr": 12.409495051996444
    },
    "video_019": {
      "ssim": 0.26879614174365996,
      "psnr": 11.313438498115342
    }
  }
}