{"mean": [0.3282636767491087, 0.3544959579564418, 0.32632795428767497], "std": [0.30481329990047334, 0.31365852696461266, 0.31764440232297086]}