{"test": 1, "_timestamp": 1760468081.3596585, "_runtime": 3.1858584880828857, "_step": 0, "_wandb": {"runtime": 2}}